-- Dummy data for testing environment

INSERT INTO accounts (account_number, team_id, notification_url, created_at, closed_at) VALUES
('200000000001', 'team-001', 'https://test1.example.com/notify',  1700000000.00, NULL),
('200000000002', 'team-002', 'https://test2.example.com/notify',  1700000001.00, NULL),
('200000000003', 'team-003', 'https://test3.example.com/notify',  1700000002.00, NULL),
('200000000004', 'team-004', 'https://test4.example.com/notify',  1700000003.00, NULL),
('200000000005', 'team-005', 'https://test5.example.com/notify',  1700000004.00, NULL),
('200000000006', 'team-006', 'https://test6.example.com/notify',  1700000005.00, NULL),
('200000000007', 'team-007', 'https://test7.example.com/notify',  1700000006.00, NULL),
('200000000008', 'team-008', 'https://test8.example.com/notify',  1700000007.00, NULL),
('200000000009', 'team-009', 'https://test9.example.com/notify',  1700000008.00, NULL),
('200000000010', 'team-010', 'https://test10.example.com/notify', 1700000009.00, NULL),
('200000000011', 'team-011', 'https://test11.example.com/notify', 1700000010.00, NULL),
('200000000012', 'team-012', 'https://test12.example.com/notify', 1700000011.00, NULL),
('200000000013', 'team-013', 'https://test13.example.com/notify', 1700000012.00, NULL),
('200000000014', 'team-014', 'https://test14.example.com/notify', 1700000013.00, NULL),
('200000000015', 'team-015', 'https://test15.example.com/notify', 1700000014.00, NULL),
('200000000016', 'team-016', 'https://test16.example.com/notify', 1700000015.00, NULL),
('200000000017', 'team-017', 'https://test17.example.com/notify', 1700000016.00, NULL),
('200000000018', 'team-018', 'https://test18.example.com/notify', 1700000017.00, NULL),
('200000000019', 'team-019', 'https://test19.example.com/notify', 1700000018.00, NULL),
('200000000020', 'team-020', 'https://test20.example.com/notify', 1700000019.00, 1700000100.00);

INSERT INTO account_refs (account_number, bank_id) VALUES
('200000000001', 1),
('200000000002', 1),
('200000000003', 1),
('200000000004', 1),
('200000000005', 1),
('200000000006', 1),
('200000000007', 1),
('200000000008', 1),
('200000000009', 1),
('200000000010', 1),
('200000000011', 2),
('200000000012', 2),
('200000000013', 2),
('200000000014', 2),
('200000000015', 2),
('200000000016', 3),
('200000000017', 3),
('200000000018', 3),
('200000000019', 3),
('200000000020', 3);

INSERT INTO transactions (transaction_number, "from", "to", amount, description, status_id, created_at) VALUES
('TXN000000001', 1,  2,  100.00, 'Transfer 1',  1, 1700001000.00),
('TXN000000002', 2,  3,  250.50, 'Transfer 2',  1, 1700001001.00),
('TXN000000003', 3,  4,  75.25,  'Transfer 3',  1, 1700001002.00),
('TXN000000004', 4,  5,  500.00, 'Transfer 4',  1, 1700001003.00),
('TXN000000005', 5,  6,  150.75, 'Transfer 5',  1, 1700001004.00),
('TXN000000006', 6,  7,  300.00, 'Transfer 6',  1, 1700001005.00),
('TXN000000007', 7,  8,  125.50, 'Transfer 7',  1, 1700001006.00),
('TXN000000008', 8,  9,  200.25, 'Transfer 8',  1, 1700001007.00),
('TXN000000009', 9,  10, 450.00, 'Transfer 9',  1, 1700001008.00),
('TXN000000010', 10, 1,  175.75, 'Transfer 10', 1, 1700001009.00),
('TXN000000011', 11, 12, 350.00, 'Transfer 11', 1, 1700001010.00),
('TXN000000012', 12, 13, 225.25, 'Transfer 12', 1, 1700001011.00),
('TXN000000013', 13, 14, 400.50, 'Transfer 13', 1, 1700001012.00),
('TXN000000014', 14, 15, 125.00, 'Transfer 14', 1, 1700001013.00),
('TXN000000015', 15, 16, 275.75, 'Transfer 15', 1, 1700001014.00),
('TXN000000016', 16, 17, 325.25, 'Transfer 16', 1, 1700001015.00),
('TXN000000017', 17, 18, 150.00, 'Transfer 17', 1, 1700001016.00),
('TXN000000018', 18, 19, 425.50, 'Transfer 18', 1, 1700001017.00),
('TXN000000019', 19, 20, 375.25, 'Transfer 19', 1, 1700001018.00),
('TXN000000020', 20, 1,  225.00, 'Transfer 20', 1, 1700001019.00),
('TXN000000021', 1,  11, 180.50, 'Transfer 21', 2, 1700001020.00),
('TXN000000022', 2,  12, 290.25, 'Transfer 22', 2, 1700001021.00),
('TXN000000023', 3,  13, 165.75, 'Transfer 23', 2, 1700001022.00),
('TXN000000024', 4,  14, 340.00, 'Transfer 24', 2, 1700001023.00),
('TXN000000025', 5,  15, 215.50, 'Transfer 25', 3, 1700001024.00),
('TXN000000026', 6,  16, 385.25, 'Transfer 26', 3, 1700001025.00),
('TXN000000027', 7,  17, 155.75, 'Transfer 27', 3, 1700001026.00),
('TXN000000028', 8,  18, 275.00, 'Transfer 28', 3, 1700001027.00),
('TXN000000029', 9,  19, 195.50, 'Transfer 29', 4, 1700001028.00),
('TXN000000030', 10, 20, 315.25, 'Transfer 30', 4, 1700001029.00),
('TXN000000031', 11, 1,  245.75, 'Transfer 31', 4, 1700001030.00),
('TXN000000032', 12, 2,  365.00, 'Transfer 32', 1, 1700001031.00),
('TXN000000033', 13, 3,  185.50, 'Transfer 33', 1, 1700001032.00),
('TXN000000034', 14, 4,  295.25, 'Transfer 34', 1, 1700001033.00),
('TXN000000035', 15, 5,  175.75, 'Transfer 35', 1, 1700001034.00),
('TXN000000036', 16, 6,  425.00, 'Transfer 36', 1, 1700001035.00),
('TXN000000037', 17, 7,  255.50, 'Transfer 37', 1, 1700001036.00),
('TXN000000038', 18, 8,  335.25, 'Transfer 38', 1, 1700001037.00),
('TXN000000039', 19, 9,  145.75, 'Transfer 39', 1, 1700001038.00),
('TXN000000040', 20, 10, 285.00, 'Transfer 40', 1, 1700001039.00);

INSERT INTO loans (loan_number, initial_transaction_id, interest_rate, started_at, write_off) VALUES
('LOAN00000001', 1,  5.50000, 1700001000.00, FALSE),
('LOAN00000002', 2,  6.25000, 1700001001.00, FALSE),
('LOAN00000003', 3,  4.75000, 1700001002.00, FALSE),
('LOAN00000004', 4,  7.00000, 1700001003.00, FALSE),
('LOAN00000005', 5,  5.25000, 1700001004.00, FALSE),
('LOAN00000006', 6,  6.50000, 1700001005.00, FALSE),
('LOAN00000007', 7,  4.95000, 1700001006.00, FALSE),
('LOAN00000008', 8,  7.25000, 1700001007.00, FALSE),
('LOAN00000009', 9,  5.75000, 1700001008.00, FALSE),
('LOAN00000010', 10, 6.00000, 1700001009.00, FALSE),
('LOAN00000011', 11, 5.10000, 1700001010.00, FALSE),
('LOAN00000012', 12, 6.75000, 1700001011.00, FALSE),
('LOAN00000013', 13, 4.85000, 1700001012.00, FALSE),
('LOAN00000014', 14, 7.50000, 1700001013.00, FALSE),
('LOAN00000015', 15, 5.35000, 1700001014.00, FALSE),
('LOAN00000016', 16, 6.15000, 1700001015.00, FALSE),
('LOAN00000017', 17, 4.65000, 1700001016.00, FALSE),
('LOAN00000018', 18, 7.75000, 1700001017.00, FALSE),
('LOAN00000019', 19, 5.85000, 1700001018.00, TRUE),
('LOAN00000020', 20, 6.35000, 1700001019.00, TRUE);

INSERT INTO loan_payments (loan_id, transaction_id, is_interest) VALUES
(1,  21, FALSE),
(2,  22, FALSE),
(3,  23, TRUE),
(4,  24, TRUE),
(5,  25, FALSE),
(6,  26, FALSE),
(7,  27, TRUE),
(8,  28, TRUE),
(9,  29, FALSE),
(10, 30, FALSE),
(11, 31, TRUE),
(12, 32, FALSE),
(13, 33, TRUE),
(14, 34, FALSE),
(15, 35, TRUE),
(16, 36, FALSE),
(17, 37, TRUE),
(18, 38, FALSE),
(19, 39, TRUE),
(20, 40, FALSE);